Model,MAE,RMSE,MAPE,sMAPE,R2,PredMean,ActualMean,Bias,Samples
Full Hybrid,0.021222846473757846,0.06642167309504075,150841.5832055963,112.63684783205781,0.9972253053378376,0.7317387032947712,0.7294892822169804,0.0022494210777908937,124240
w/o Physics,0.02124115466017368,0.06642210238212114,152658.74958224513,112.68604996112974,0.9972252694717003,0.7317570115377467,0.7294892822169804,0.0022677293207662695,124240
Equal Weights,0.020899225885787336,0.061008486101589356,324076.36911967746,112.6904405745031,0.9976591365879822,0.7295042975621481,0.7294892822169804,1.5015345167839692e-05,124240
w/o XGBoost,0.03550929830702163,0.07071020179689526,1081604.6730541694,115.10363370742797,0.9968554411251963,0.728093471903507,0.7294892822169804,-0.0013958103134733319,124240
w/o DNN,0.022596309821983077,0.07118143631362782,93642.52879326804,113.32270522586052,0.9968133888523566,0.7324881500321755,0.7294892822169804,0.0029988678151951337,124240
w/o TFT,0.02237615795141668,0.06902631616323161,146250.66089072867,112.75627819937087,0.9970034262577194,0.7323970941158254,0.7294892822169804,0.0029078118988450684,124240
Adaptive Blend,0.019451174485902258,0.0622944930132341,152743.45076738636,112.50727292085185,0.9975594096580965,0.7314213962237515,0.7294892822169804,0.0019321140067711988,124240
Stacked XGB,0.019203747935383864,0.05946986377904016,166811.95671554553,112.61354936138646,0.9977757199610839,0.7310880730435003,0.7294892822169804,0.00159879082651996,124240
