Model,MAE,RMSE,MAPE,sMAPE,R2,PredMean,ActualMean,Bias,Samples
Full Hybrid,0.0189093748108609,0.06067765244121111,65093.23566154769,111.4104259873417,0.9976880253694793,0.7356592386318924,0.731184236015858,0.004475002616034479,123952
w/o Physics,0.01894074488400565,0.06067785193840001,68225.4512187917,111.94577599198787,0.9976880101667422,0.7356906117727406,0.731184236015858,0.00450637575688258,123952
w/o Plant Adaptation,0.020037686899780745,0.06110388851893037,107640.50765208498,113.96677027890733,0.9976554299033493,0.7355497947311262,0.731184236015858,0.004365558715268175,123952
w/o Scene Adaptation,0.02171685759384601,0.06593966805876034,175119.68797925458,112.65509338997897,0.9972696455043479,0.7316995683368069,0.731184236015858,0.0005153323209488225,123952
w/o XGBoost,0.022658880103287978,0.06033061905352219,466783.09553637664,113.22397342140411,0.9977143954734081,0.7301675840439367,0.731184236015858,-0.0010166519719214102,123952
w/o DNN,0.020405317925825252,0.06219649842176063,87593.84083521567,112.51601240411884,0.9975708328772751,0.7332090801822445,0.731184236015858,0.002024844166386425,123952
w/o TFT,0.021937261732342915,0.0661341673798337,111790.0210048036,113.0559483009457,0.9972535145373054,0.7351591464076733,0.731184236015858,0.003974910391815332,123952
Adaptive Blend,0.019469257397412308,0.0623207403628244,157618.21404329632,112.24384583950051,0.9975611183150697,0.7339161803967824,0.731184236015858,0.002731944380924333,123952
Stacked XGB,0.018220159200274283,0.059507920495914884,38366.94844651555,112.24070120807261,0.997776305753353,0.7320177102226849,0.731184236015858,0.0008334742068268266,123952
