Model,MAE,RMSE,MAPE,sMAPE,R2,PredMean,ActualMean,Bias,Samples
Full Hybrid,0.022352825301026197,0.06582742697604255,123782.205333555,113.29366802125878,0.9972789326946161,0.7357122499201634,0.731184236015858,0.004528013904305288,123952
w/o Physics,0.02265817122085718,0.06583718985180886,154241.06981611438,113.45233058153413,0.997278125510947,0.7360175958399944,0.731184236015858,0.004833359824136271,123952
w/o Plant Adaptation,0.0224472517453919,0.06600251364519294,126781.10453411903,113.3348776300567,0.9972644385476223,0.7351985171515605,0.731184236015858,0.00401428113570252,123952
w/o Scene Adaptation,0.0240834248017347,0.0683195588662175,196654.94554375083,113.00371776828722,0.9970690012638231,0.7300047618561716,0.731184236015858,-0.0011794741596864845,123952
w/o XGBoost,0.024621001056464146,0.06712439592343872,273175.68801347923,114.31746639099502,0.9971706524075064,0.7337100288509187,0.731184236015858,0.0025257928350606606,123952
w/o DNN,0.029514408411005486,0.07969344978263317,149833.57784096335,114.36255164347324,0.9960118564841344,0.7348100856658163,0.731184236015858,0.0036258496499582704,123952
w/o TFT,0.02308392581960119,0.06549324679814122,172114.40110779877,113.43328791192826,0.9973064901626558,0.7336025896255375,0.731184236015858,0.002418353609679504,123952
Adaptive Blend,0.02316258607460144,0.06459247203884472,277376.45797570306,112.84970997020932,0.9973800721229414,0.7318251779469778,0.731184236015858,0.0006409419311197599,123952
Stacked XGB,0.021932615215343884,0.0631698725033257,152163.7011451451,113.07148338772512,0.9974942050774043,0.7321785822036405,0.731184236015858,0.0009943461877824562,123952
