Model,MAE,RMSE,MAPE,sMAPE,R2,PredMean,ActualMean,Bias,Samples
Full Hybrid,0.021529711831296698,0.06446772382138934,132093.04147049703,113.12592942538863,0.9973901821470844,0.7343033709223007,0.731184236015858,0.0031191349064427147,123952
w/o Physics,0.021749573253724435,0.06447438751665756,154029.30567399564,113.31914281127547,0.9973896425924467,0.7345232325046386,0.731184236015858,0.0033389964887804136,123952
w/o Plant Adaptation,0.021744828888615203,0.06416240070269022,129939.09732106874,113.55851851685979,0.9974148441249748,0.7344598465221128,0.731184236015858,0.003275610506254686,123952
w/o Scene Adaptation,0.023152848883970758,0.06622877680470096,211204.65563441263,112.9473523550093,0.9972456508480153,0.7300021662334342,0.731184236015858,-0.0011820697824238976,123952
w/o XGBoost,0.02150244365091485,0.06431496560781183,122802.41396253252,113.12659767075539,0.9974025355778484,0.7336555679567733,0.731184236015858,0.0024713319409151997,123952
w/o DNN,0.025311704375971564,0.06985147972065203,137346.2606391796,113.61119355919197,0.9969360847706018,0.7332965240265003,0.731184236015858,0.002112288010642242,123952
w/o TFT,0.02308392581960119,0.06549324679814122,172114.40110779877,113.43328791192826,0.9973064901626558,0.7336025896255375,0.731184236015858,0.002418353609679504,123952
Adaptive Blend,0.024886510610801545,0.07522851632889639,232594.41609997017,113.00440468442625,0.9964462201748852,0.7306315155633216,0.731184236015858,-0.0005527204525364207,123952
Stacked XGB,0.029018459353687805,0.06713149061657864,428637.41152701125,113.72811967377521,0.9971700542817876,0.726491524420693,0.731184236015858,-0.004692711595164943,123952
