Model,MAE,RMSE,MAPE,sMAPE,R2,PredMean,ActualMean,Bias,Samples
Persistence,0.04955505266899529,0.17574633471556894,11272.95282869528,8.368624375665975,0.9805746823314393,0.7294815584569239,0.7294892822169804,-7.723760056499504e-06,124240
XGBoost,0.023926580445138127,0.07265309073700334,160902.72651734916,113.44962300027555,0.9966802623362354,0.7334780527970827,0.7294892822169804,0.003988770580102286,124240
DNN,0.037082999124505946,0.07235420127536467,1142705.6324831136,115.337313779248,0.9967075204639501,0.7281638056052404,0.7294892822169804,-0.0013254766117399592,124240
TFT,0.020025725466615865,0.06161955312154658,139156.98548484957,112.71239210952473,0.9976120091092552,0.7268961345874065,0.7294892822169804,-0.002593147629573757,124240
Hybrid,0.021222846473757846,0.06642167309504075,150841.5832055963,112.63684783205781,0.9972253053378376,0.7317387032947712,0.7294892822169804,0.0022494210777908937,124240
AdaptiveBlend,0.019451174485902258,0.0622944930132341,152743.45076738636,112.50727292085185,0.9975594096580965,0.7314213962237515,0.7294892822169804,0.0019321140067711988,124240
StackedXGB,0.019203747935383864,0.05946986377904016,166811.95671554553,112.61354936138646,0.9977757199610839,0.7310880730435003,0.7294892822169804,0.00159879082651996,124240
