Model,MAE,RMSE,MAPE,sMAPE,R2,PredMean,ActualMean,Bias,Samples
Persistence,0.10354613171123761,0.25414203430359716,21465.074246851036,15.939596006560814,0.9693982892946766,1.5254839778073337,1.5255207767661296,-3.679895879611636e-05,59412
XGBoost,0.06717994449833845,0.12535021089555787,142230.71826432564,22.363001550829704,0.9925553747795187,1.5146971628394865,1.5255207767661296,-0.010823613926643135,59412
DNN,0.04926619265749975,0.09656473815728911,133937.77545411573,22.232457073305106,0.9955819580451475,1.5321490470068424,1.5255207767661296,0.006628270240712643,59412
TFT,0.06845346856683693,0.12393694555310042,179205.23040029997,22.793210143846963,0.9927222978304546,1.534041395312452,1.5255207767661296,0.00852061854632249,59412
Hybrid,0.04533009262415757,0.09505589236527748,137224.69975765038,20.214978044765616,0.9957189451925805,1.5346831906499183,1.5255207767661296,0.009162413883788304,59412
AdaptiveBlend,0.043343087465517,0.09305321493785831,88761.08022156933,19.03226517146745,0.9958974350434004,1.5313382135818325,1.5255207767661296,0.005817436815702875,59412
StackedXGB,0.04308222381869927,0.09119932711762202,57692.739726592015,18.793954297705664,0.9960592764487108,1.5249204475528084,1.5255207767661296,-0.0006003292133213377,59412
