Model,MAE,RMSE,MAPE,sMAPE,R2,PredMean,ActualMean,Bias,Samples
Persistence,0.04967019293053953,0.17595038793182563,11299.145309705757,8.388068709974949,0.980559564855869,0.7311764943097991,0.7311842360073034,-7.741697504342384e-06,123952
XGBoost,0.042604931954722196,0.08797443101329795,1100321.5684454942,114.83994468204463,0.9951399755108346,0.7364009257352443,0.7311842360073034,0.005216689727940856,123952
DNN,0.033541690738513756,0.0684897601172014,1051317.740913846,114.56456804811657,0.997054379358192,0.7244950319807524,0.7311842360073034,-0.006689204026550985,123952
TFT,0.026837591523034006,0.07033156224235959,157972.22525329204,114.21171377492598,0.9968938240490659,0.7342892803638811,0.7311842360073034,0.003105044356577627,123952
MeanAverage,0.022699886507616267,0.06630197857189724,155216.49348116782,113.08192382179921,0.997239558793006,0.7317284126932926,0.7311842360073034,0.0005441766859891664,123952
StaticBlend,0.023152848738835035,0.06622877658661032,211204.65716769587,112.94735165641421,0.997245650865413,0.7300021662450844,0.7311842360073034,-0.0011820697622191253,123952
Hybrid,0.021529711758824985,0.06446772370638447,132093.04146983655,113.12592942255489,0.9973901821556924,0.7343033709223007,0.7311842360073034,0.0031191349149973244,123952
AdaptiveBlend,0.024886510557355142,0.07522851629500424,232594.41609952887,113.00440468666547,0.9964462201771294,0.7306315155633217,0.7311842360073034,-0.0005527204439817889,123952
StackedXGB,0.02901845922569552,0.06713149037184203,428637.4115264962,113.72811967162266,0.9971700543016586,0.726491524420693,0.7311842360073034,-0.004692711586610358,123952
