Model,MAE,RMSE,MAPE,sMAPE,R2,PredMean,ActualMean,Bias,Samples
Persistence,0.04967019284558519,0.1759503878078993,11299.145309773961,8.388068707505655,0.9805595648884937,0.7311764943097991,0.731184236015858,-7.74170605895426e-06,123952
XGBoost,0.04260493204259882,0.08797443132293978,1100321.5750163896,114.83994467579714,0.9951399754779331,0.7364009257296118,0.731184236015858,0.005216689713753736,123952
DNN,0.03354169097139859,0.06848976040883366,1051317.7410149479,114.56456805337412,0.9970543793339008,0.7244950319931324,0.731184236015858,-0.006689204022725632,123952
TFT,0.02683759161636911,0.07033156224255452,157972.22517324102,114.21171377987753,0.9968938240498858,0.734289280276799,0.731184236015858,0.003105044260940889,123952
Hybrid,0.021529711831296698,0.06446772382138934,132093.04147049703,113.12592942538863,0.9973901821470844,0.7343033709223007,0.731184236015858,0.0031191349064427147,123952
AdaptiveBlend,0.024886510610801545,0.07522851632889639,232594.41609997017,113.00440468442625,0.9964462201748852,0.7306315155633216,0.731184236015858,-0.0005527204525364207,123952
StackedXGB,0.029018459353687805,0.06713149061657864,428637.41152701125,113.72811967377521,0.9971700542817876,0.726491524420693,0.731184236015858,-0.004692711595164943,123952
