Model,MAE,RMSE,MAPE,sMAPE,R2,PredMean,ActualMean,Bias,Samples
Persistence,0.10354613188852249,0.25414203448260064,21465.07424673744,15.939596011899754,0.9693982892389976,1.5254839778073337,1.525520776748231,-3.6798940897515264e-05,59412
XGBoost,0.06717994445401762,0.12535021046416467,142230.71852855608,22.363001564091437,0.9925553748277021,1.514697162990204,1.525520776748231,-0.010823613758027081,59412
DNN,0.04926619217274386,0.09656473772613419,133937.77536065935,22.23245706140955,0.9955819580827852,1.5321490469797798,1.525520776748231,0.006628270231548493,59412
TFT,0.05342927402847339,0.10152371710111516,80391.26114375112,22.091884194163992,0.9951165390194261,1.5313225877941599,1.525520776748231,0.005801811045929015,59412
MeanAverage,0.04495331506912022,0.0957102030957907,91279.83925950168,19.445070796005297,0.9956598056518051,1.5260562659213812,1.525520776748231,0.0005354891731501418,59412
StaticBlend,0.04479515440996873,0.09553645417345259,98267.23473336337,19.12683999577925,0.9956755494195415,1.5259169187055854,1.525520776748231,0.0003961419573541224,59412
Hybrid,0.04345148062965106,0.09308265201662337,136865.98163466432,20.255828399637075,0.9958948389652635,1.5325458142826873,1.525520776748231,0.007025037534456271,59412
AdaptiveBlend,0.04776462424339687,0.10854645100122581,76280.20766263978,19.180777580886165,0.9944175613566163,1.5282795778582463,1.525520776748231,0.002758801110015202,59412
StackedXGB,0.05249592121186565,0.09663287743592594,103870.69422081586,20.07047171273849,0.9955757208099422,1.5076846599117741,1.525520776748231,-0.017836116836456875,59412
