Model,MAE,RMSE,MAPE,sMAPE,R2,PredMean,ActualMean,Bias,Samples
Persistence,0.04967019284558519,0.1759503878078993,11299.145309773961,8.388068707505655,0.9805595648884937,0.7311764943097991,0.731184236015858,-7.74170605895426e-06,123952
XGBoost,0.04260493204259882,0.08797443132293978,1100321.5750163896,114.83994467579714,0.9951399754779331,0.7364009257296118,0.731184236015858,0.005216689713753736,123952
DNN,0.03596572997730128,0.06889273241339294,1264921.8341833844,114.63298976420239,0.9970196151697167,0.7282595355815635,0.731184236015858,-0.002924700434294509,123952
TFT,0.02400956132545865,0.06232877760478413,432996.16264322994,113.3378318089426,0.997560489210021,0.7265194688587169,0.731184236015858,-0.004664767157141142,123952
Hybrid,0.0189093748108609,0.06067765244121111,65093.23566154769,111.4104259873417,0.9976880253694793,0.7356592386318924,0.731184236015858,0.004475002616034479,123952
AdaptiveBlend,0.019469257397412308,0.0623207403628244,157618.21404329632,112.24384583950051,0.9975611183150697,0.7339161803967824,0.731184236015858,0.002731944380924333,123952
StackedXGB,0.018220159200274283,0.059507920495914884,38366.94844651555,112.24070120807261,0.997776305753353,0.7320177102226849,0.731184236015858,0.0008334742068268266,123952
