Model,MAE,RMSE,MAPE,sMAPE,R2,PredMean,ActualMean,Bias,Samples
Persistence,0.10354613171123761,0.25414203430359716,21465.074246851036,15.939596006560814,0.9693982892946766,1.5254839778073337,1.5255207767661296,-3.679895879611636e-05,59412
XGBoost,0.06717994449833845,0.12535021089555787,142230.71826432564,22.363001550829704,0.9925553747795187,1.5146971628394865,1.5255207767661296,-0.010823613926643135,59412
DNN,0.04983955450225712,0.09634182950222835,125630.3750602024,22.57077244853649,0.9956023315921999,1.5445728769619564,1.5255207767661296,0.01905210019582665,59412
TFT,0.04152932205494274,0.08955306667331582,51636.75370483189,19.956899397440463,0.9962002622257097,1.5243417974301865,1.5255207767661296,-0.001178979335943299,59412
Hybrid,0.03910951332759336,0.08763924856980375,106391.92099428196,19.072797293796423,0.9963609335016317,1.5349643877544146,1.5255207767661296,0.009443610988284765,59412
AdaptiveBlend,0.037946087323293735,0.0899558823109771,65693.04769768637,17.883823911973515,0.9961660024017255,1.5331608717202732,1.5255207767661296,0.007640094954143438,59412
StackedXGB,0.037547644155842975,0.0859481417104788,38776.17938869131,17.576796109927507,0.9965000190241476,1.5267949550913962,1.5255207767661296,0.0012741783252664463,59412
