Model,MAE,RMSE,MAPE,sMAPE,R2,PredMean,ActualMean,Bias,Samples
Persistence,0.04967019284558519,0.1759503878078993,11299.145309773961,8.388068707505655,0.9805595648884937,0.7311764943097991,0.731184236015858,-7.74170605895426e-06,123952
XGBoost,0.04260493204259882,0.08797443132293978,1100321.5750163896,114.83994467579714,0.9951399754779331,0.7364009257296118,0.731184236015858,0.005216689713753736,123952
DNN,0.03354169097139859,0.06848976040883366,1051317.7410149479,114.56456805337412,0.9970543793339008,0.7244950319931324,0.731184236015858,-0.006689204022725632,123952
TFT,0.03498144393444662,0.08589646323130755,298814.83562867105,114.85993764341633,0.9953668529043862,0.7335555747112184,0.731184236015858,0.0023713386953603563,123952
Hybrid,0.022352825301026197,0.06582742697604255,123782.205333555,113.29366802125878,0.9972789326946161,0.7357122499201634,0.731184236015858,0.004528013904305288,123952
AdaptiveBlend,0.02316258607460144,0.06459247203884472,277376.45797570306,112.84970997020932,0.9973800721229414,0.7318251779469778,0.731184236015858,0.0006409419311197599,123952
StackedXGB,0.021932615215343884,0.0631698725033257,152163.7011451451,113.07148338772512,0.9974942050774043,0.7321785822036405,0.731184236015858,0.0009943461877824562,123952
