Subset,Samples,Ratio
All,123952,1.0
Daytime,59412,0.4793145733832451
Nighttime,64540,0.5206854266167549
